{
  "all_models": {
    "DecisionTreeRegressor": {
      "metrics": {
        "r2": 0.6903485869267382,
        "rmse": 0.6490112750385444
      },
      "params": {
        "max_depth": 8,
        "random_state": 42
      }
    },
    "LinearRegression": {
      "metrics": {
        "r2": 0.6174826328483229,
        "rmse": 0.7213421127774997
      },
      "params": {}
    }
  },
  "chosen_metrics": {
    "r2": 0.6903485869267382,
    "rmse": 0.6490112750385444
  },
  "chosen_model": "DecisionTreeRegressor"
}