{
  "all_models": {
    "DecisionTreeRegressor": {
      "metrics": {
        "r2": 0.6665333370180851,
        "rmse": 0.6628356742400897
      },
      "params": {
        "max_depth": 8,
        "random_state": 42
      }
    },
    "LinearRegression": {
      "metrics": {
        "r2": 0.6032226551169471,
        "rmse": 0.7230246369737917
      },
      "params": {}
    }
  },
  "chosen_metrics": {
    "r2": 0.6665333370180851,
    "rmse": 0.6628356742400897
  },
  "chosen_model": "DecisionTreeRegressor"
}